4300.1892147588	50523.6610004	39.61607715	2.895124983
4300.2227851192	50565.58427686	45.67400128	2.572432446
4300.231940672	50572.21594897	38.81344035	2.596433739
4300.3540147099	50575.9910886	36.30176702	2.614105923
4300.7934812464	50552.8214362	41.20303964	2.666284159
4300.8026367992	50530.18890957	59.62401196	2.849259819
4300.9094515824	50558.26593829	87.755974	2.821840225
4301.049836726	50510.94088565	18.90621662	2.96498997
4301.068147832	50551.6830958	14.45661794	2.814048276
4301.199377422	50535.32212287	24.71999268	2.857846135
4301.672414319	50550.0900296	84.48438978	2.823246075
4301.690725425	50554.80208747	57.62810144	2.620092471
4301.754814295	50571.85277871	66.24347667	2.598909589
4301.852473525	50584.16089358	97.67754143	2.884311225
4301.947080905	50530.15533921	24.631489	2.886470813
4301.96539201	50581.55766472	66.92709128	2.63639599
4302.023377178	50549.72685934	97.87285989	2.893747413
4302.047791986	50503.808709983	31.4065981	2.978268058
4302.12714011	50505.206457717	11.69469283	2.983827283
4302.154606769	50526.99362163	78.53938414	2.898662621
4302.188177129	50579.13449507	26.47785882	2.674277718
4302.243110446	50563.19772942	32.79213843	2.639925598
4302.307199316	50583.76720481	26.37714774	2.684946639
4302.420117801	50559.2730491	18.60103153	2.758664339
4302.426221503	50532.68532365	71.73986023	2.854939233
4302.471999268	50503.848384045	46.71773431	2.972673295
4302.548295541	50568.33094272	68.53236488	2.612131665
4302.642902921	50552.98623615	20.57252724	2.77436553
4302.713095492	50524.13708914	94.43037202	2.935736731
4302.862636189	50551.5457625	14.9815363	2.810902637
4303.039643544	50527.41477706	48.69838557	2.867611705
4303.390606403	50505.298013245	25.75457015	2.98015383
4303.530991546	50525.14114811	45.27420881	2.885438105
4303.662221137	50539.2834254	42.50923185	2.776744309
4303.662221137	50540.66286203	63.09091464	2.767078706
4303.744621113	50585.75701163	8.682515946	2.789041234
4303.8636433	50576.43665883	61.88543352	2.548724079
4304.052858058	50541.61198767	53.33109531	2.738430847
4304.205450606	50528.88882107	6.662190619	2.929862651
4304.419080172	50503.457747124	10.73946348	2.99181794
4304.470961638	50554.42976165	78.92391736	2.759148084
4304.519791253	50534.12274545	81.12125004	2.876781868
4304.577776421	50504.013183996	17.31315043	2.988974882
4304.614398633	50566.56086917	28.57448042	2.647068684
4304.620502335	50575.56382946	34.51033052	2.587708643
4304.873805963	50533.90911588	29.60600604	2.855368704
4304.962309641	50591.13742485	56.26392407	2.624583121
4304.983672597	50500.524918363	19.78514969	2.995686386
4305.001983703	50535.58458205	73.6014893	2.843309052
4305.001983703	50599.36216315	9.442426832	2.808007543
4305.139316996	50519.92553484	35.53575243	2.926747972
4305.188146611	50529.77996155	64.59242531	2.859904383
4305.285805841	50534.766686	31.76061281	2.843677542
4305.37736137	50544.08093509	85.68987091	2.854352893
4305.398724326	50537.35770745	84.58204901	2.876192762
4305.413983581	50546.65974914	9.814752647	2.855116336
4305.6367687	50541.34952849	26.33747368	2.814959397
4305.813776055	50545.43595691	41.50517289	2.709266303
4305.899227882	50596.85048982	26.34662923	2.726761592
4305.932798242	50585.8394116	35.52354503	2.612875661
4305.95721305	50591.7874691	62.20892972	2.652871572
4306.057924131	50553.1510361	79.83336894	2.771069569
4306.076235237	50508.832056642	32.81655324	2.97343906
4306.265449995	50564.01867733	99.77721488	2.897622897
4306.292916654	50573.14981536	2.636799219	2.818373613
4306.366161077	50596.10278634	21.93975646	2.743321093
4306.497390667	50592.35511338	89.5290994	2.863321911
4306.582842494	50545.80828272	80.16296884	2.813516943
4306.906338694	50535.79821162	97.49748222	2.924222063
4306.909390545	50583.88927885	28.27845088	2.650269153
4307.019257179	50587.09982604	90.24323252	2.857489734
4307.034516434	50564.8792993	39.67406232	2.522830797
4307.159642323	50586.23004852	54.20697653	2.548439793
4307.306131169	50557.40531632	2.047791986	2.851370809
4307.522812586	50520.80751976	48.10022279	2.916906015
4307.562486648	50543.15622425	56.49891659	2.709133091
4307.684560686	50539.54283273	3.18918424	2.906252991
4307.782219916	50522.37617115	71.07455672	2.91541702
4307.864619892	50516.61122471	85.58000427	2.949972558
4308.200323496	50562.82540361	10.44953764	2.792070493
4308.371227149	50531.35776849	16.08630634	2.909808114
4308.380382702	50530.15839106	96.63991211	2.935201677
4308.450575274	50510.64790796	48.60683004	2.965170622
4308.621478927	50519.66307566	38.93551439	2.933061021
4308.774071474	50554.24359874	62.31269265	2.569243933
4308.853419599	50572.54860073	94.31134983	2.872900553
4309.012115848	50579.76928007	69.66154973	2.597256038
4309.393597217	50506.323435163	85.75701163	2.97462834
4309.524826807	50573.26883755	53.4501175	2.386310416
4309.549241615	50520.17273476	0.466933195	2.972046271
4309.62858974	50526.21539964	17.16360973	2.933668211
4309.653004547	50560.2313303	6.933805353	2.820642808
4309.720145268	50524.87258522	36.83889279	2.908972682
4309.857478561	50548.39320048	17.04763939	2.815624295
4309.988708151	50506.805627613	12.65907773	2.997126727
4310.09857479	50581.17007965	83.60240486	2.790526661
4310.189215	50550.079348	80.018311	5
4310.32441176	50572.59437849	59.74303415	2.397219252
4310.49226356	50546.33014924	32.64259774	2.734031497
4310.55330058	50507.834101382	13.33048494	2.996219681
4310.75472274	50587.81701102	68.83449812	2.649235021
4310.85543382	50581.91778314	14.93881039	2.739628138
4311.26438185	50582.34199042	63.55174413	2.518333363
4311.34983367	50583.7366863	42.05145421	2.501782456
4311.36509293	50544.70961638	18.6834315	2.831070652
4311.75572985	50542.014832	54.45722831	2.708287642
4311.85338908	50542.28949858	49.57731864	2.705731492
4311.86254463	50501.116977447	87.73155919	2.986793106
4311.9205298	50594.53413495	80.40406507	2.820171208
4311.92968535	50591.22898038	19.51963866	2.730561019
4312.13415937	50578.35016938	18.27143162	2.706506677
4312.27454451	50537.56218146	48.71059297	2.775546423
4312.39051485	50573.7449263	30.63753166	2.561106807
4312.51258889	50503.332621235	2.618488113	3.01007984
4312.51258889	50586.37043367	80.44373913	2.781356122
4312.58278146	50591.15573595	77.99615467	2.781147601
4312.66518143	50598.98983734	23.52061525	2.742700812
4312.74452956	50519.07101657	6.680501724	2.977808762
4312.76284066	50573.94634846	39.35972167	2.433560959
4312.878811	50595.42222358	18.71395001	2.751372159
4312.8910184	50517.90215766	60.25879696	2.943440438
4312.89407025	50500.0793481246	84.77736747	2.9905486
4312.98562578	50566.54866176	30.94576861	2.561093047
4313.32438124	50511.2796411	11.46275216	2.996431768
4313.46781823	50537.34550005	87.07846309	2.900655826
4313.5380108	50550.16022217	28.69655446	2.719546937
4313.58073672	50585.13748589	64.26587725	2.543056266
4313.59599597	50554.69832453	46.40339366	2.475568581
4313.89507736	50559.45616016	12.91848506	2.787438086
4314.04156621	50547.97204505	10.87679678	2.854708191
4314.14532914	50532.03222755	5.529953917	2.941470303
4314.16974395	50534.43403424	54.86922819	2.814898962
4314.18805506	50506.662190619	58.40021973	2.989609246
4314.28266243	50521.36295663	13.09549242	2.97008895
4314.30097354	50595.97766045	74.71846675	2.785250564
4314.3406476	50558.58333079	31.89489425	2.593322676
4314.37726981	50534.38520463	87.71935179	2.914881402
4314.52375866	50565.75518052	56.82241279	2.25075741
4314.74654378	50528.65382855	36.45435957	2.898289572
4314.74959563	50539.36582537	71.76122318	2.813287557
4314.95101779	50599.49644459	37.50114444	2.682146429
4315.04562517	50500.6347849971	18.72615741	3.020210234
4315.07003998	50564.50086978	49.08902249	2.258518225
4315.25620289	50504.620502335	34.40656758	3.010370891
4315.35081027	50528.50428785	44.17859432	2.888255751
4315.35996582	50500.5584887234	28.48597674	3.020239165
4315.36606952	50527.46971038	35.70055239	2.910783698
4315.39658803	50503.225806452	53.85906552	3.004334987
4315.43931394	50599.82909635	40.14099551	2.67677948
4315.4606769	50580.27893918	48.01171911	2.350244275
4315.96728416	50534.01287881	67.53746147	2.848597567
4316.02221747	50568.97793512	54.66475417	2.177400478
4316.08020264	50509.009063997	17.46269112	3.007925094
4316.10461745	50512.50343333	5.554368725	3.002587551
4316.1076693	50544.95986816	89.25443281	2.895412648
4316.11072115	50542.42683187	82.21991638	2.861906986
4316.19006928	50501.037629322	51.55491806	3.012742226
4316.19006928	50502.789391766	30.65584277	3.01837061
4316.31519517	50514.09039583	36.3780633	2.985278296
4316.33045442	50518.06695761	27.06991791	2.976986017
4316.62038026	50530.05462813	57.9668569	2.870848947
4316.81264687	50591.39072848	75.96057009	2.774718337
4316.9103061	50541.84392834	77.69402142	2.836631079
4316.95303201	50558.44294565	51.78991058	2.284527482
4317.03238014	50559.4286935	68.69106113	2.485310583
4317.12393567	50526.36188849	62.56294443	2.907039661
4317.17581713	50546.59871212	44.47462386	2.628540587
4317.17886898	50509.717093417	39.96704001	3.001076078
4317.26126896	50547.90490432	78.65535447	2.800400989
4317.36503189	50574.51094089	97.02139348	2.935947328
4317.38029115	50548.8082522	10.77913755	2.857778587
4317.3955504	50506.814783166	81.97271645	2.987905218
4317.56645405	50520.2764977	1.782280953	2.990002821
4317.72209845	50523.5114597	7.412945952	2.978173198
4317.77397992	50599.96948149	73.66863002	2.817681053
4317.95709098	50576.6502884	19.87365337	2.68187179
4317.98150578	50566.29535813	34.1441084	2.463518892
4317.98455763	50578.95748772	29.13296915	2.566497632
4317.99066134	50580.90762047	56.44703513	2.308051805
4318.1981872	50537.75749992	16.63258766	2.899967185
4318.30500198	50529.28556169	73.60454115	2.908306665
4318.43012787	50543.87951292	91.76915799	2.91948126
4318.52473525	50521.11575671	51.5335551	2.948201064
4318.60103153	50588.7325663	66.994232	2.619986873
4318.63765374	50565.18753624	24.33240761	2.640336804
4318.65596484	50585.80584124	42.69539476	2.453188068
4318.86654256	50564.64735862	51.00253304	2.101683285
4319.02218696	50546.24164556	5.670339061	2.895816787
4319.02523881	50537.17459639	50.245674	2.788977609
4319.06796472	50568.26075014	23.80138554	2.635743439
4319.13815729	50556.01367229	88.08862575	2.876963222
4319.36094241	50500.6469924009	36.47877438	3.031013903
4319.39146092	50542.43293558	66.58223212	2.74768805
4319.45249794	50586.36127812	28.43714713	2.61984333
4319.50132756	50536.82668538	68.6056093	2.835114667
4319.66917936	50532.0291757	2.038636433	2.9617161
4319.67833491	50579.36338389	75.16098514	2.667485839
4319.84008301	50590.73763237	83.886227	2.880724681
4319.85839412	50553.55998413	67.6351207	2.541844482
4319.87670522	50532.27027192	86.13238929	2.931931703
4319.99267556	50508.636738182	36.32923368	3.016894222
4320.03845332	50572.60048219	71.25156407	2.4859902
4320.17273476	50520.19714957	26.30390332	2.984297848
4320.58168279	50511.35898923	81.98492386	2.985196419
4320.6060976	50546.91305277	43.50108341	2.620412717
4320.6122013	50502.713095492	85.43656728	2.999163019
4320.79226051	50513.00088504	70.78463088	2.984874877
4320.83498642	50502.542191839	39.60997345	3.031886397
4320.92654195	50523.27646718	59.54466384	2.941609782
4320.96316416	50551.51829585	47.61803034	2.448264729
4321.30497147	50563.54564043	92.02856532	2.926708925
4321.4026307	50591.21066927	95.17502365	2.969160986
4321.4087344	50566.13055818	89.28189947	2.904216343
4321.69560839	50564.11938841	29.7769097	2.546130749
4321.76580096	50559.49888607	38.13287759	2.407929393
4321.94891202	50522.14728233	50.67293313	2.957586336
4322.01605274	50573.45805231	16.67836543	2.719381786
4322.04657125	50552.47962889	99.77111118	2.963776992
4322.34870449	50536.62831507	57.26798303	2.811329734
4322.45551927	50570.62593463	69.50895718	2.380332243
4322.51350444	50546.89168981	74.12945952	2.77755417
4322.51655629	50518.24701682	0.7324442274	3.008599184
4322.62031922	50515.81469161	61.77556688	2.985394552
4322.6966155	50578.30744346	41.80120243	2.281360482
4322.7088229	50540.4034547	12.51564074	2.913994259
4322.7210303	50563.01156652	29.58464309	2.556592615
4322.92855617	50574.63301492	73.03079318	2.569248279
4322.99569689	50572.6126896	18.0303354	2.706218717
4323.09640797	50546.6994232	80.13855403	2.854819093
4323.15134129	50591.80272835	26.42597736	2.682612155
4323.27646718	50546.10736412	15.62547685	2.867983494
4323.46568194	50544.84084597	25.2845851	2.822265979
4323.54503006	50541.35868404	26.78914762	2.850312862
4323.75865963	50522.08319346	83.69396039	2.966983474
4323.77086703	50568.25464644	37.55607776	2.303774951
4323.81969665	50535.78600421	78.81099887	2.909260726
4323.85937071	50541.30985443	91.88207648	2.94616968
4323.92956328	50567.83349101	5.02334666	2.832158011
4323.97534104	50556.49281289	91.56163213	2.944336001
4324.06994842	50570.516068	34.27228614	2.399401966
4324.17981506	50555.89770196	95.77318644	2.966805051
4324.21033357	50534.56526383	18.31720939	2.93924569
4324.25305948	50534.11664174	56.92922758	2.857447928
4324.32935575	50527.61009552	39.4512772	2.945707518
4324.33240761	50551.61595508	7.449568163	2.879919648
4324.36292611	50558.24457533	50.78890347	2.072538029
4324.54603717	50561.30863369	67.51609851	2.309979224
4324.71388897	50582.85164953	70.84871975	2.631285974
4324.83901486	50580.30945769	39.79308451	2.345609727
4324.91836299	50521.34464553	92.08960234	2.974969291
4324.9549852	50557.37479781	43.02499466	2.29202287
4324.99160741	50586.34601886	95.02853481	2.998737573
4325.06790368	50543.91003143	52.57728813	2.660534883
4325.10147404	50596.71620838	53.35551012	2.643647062
4325.20828883	50578.50276193	93.81389813	2.994501945
4325.29984436	50537.07388531	91.75084689	2.954809001
4325.40055544	50545.51835688	33.23160497	2.759840444
4325.4463332	50544.1297647	94.5310831	2.961022652
4325.56230354	50572.48451186	6.939909055	2.814955606
4325.96514786	50551.38096255	91.75389874	2.958559028
4326.05059969	50569.36246834	72.3136082	2.51438159
4326.27948851	50573.07962279	29.78606525	2.513603876
4326.60298471	50502.368236335	3.875850703	3.045575541
4326.60298471	50552.82448805	78.04193243	2.821785468
4326.65791803	50583.70311594	41.09317301	2.387103556
4326.70064394	50596.7711417	9.475997192	2.822292471
4326.72505875	50528.93154698	73.61064486	2.942279026
4326.7342143	50588.85158849	31.99255348	2.607770345
4326.74947356	50549.9282815	81.50578326	2.887634051
4327.09433271	50511.19418928	41.36173589	3.038540974
4327.12485122	50568.88332774	71.81920835	2.496295828
4327.23776971	50563.06039613	70.72969756	2.453638225
4327.30491043	50519.44029054	32.71279031	3.018035678
4327.37205115	50534.52253792	40.59266945	2.896145835
4327.64061403	50543.24777978	25.7698294	2.859379456
4327.86950285	50525.19608142	50.72786645	2.96828254
4328.0220954	50542.76558733	75.859859	2.877355901
4328.04956206	50544.46241646	90.25849178	2.961502761
4328.05261391	50579.91882076	71.77037873	2.662880978
4328.09839167	50547.12668233	24.53993347	2.827767507
4328.15637684	50567.87621693	91.82409131	3.014080248
4328.1655324	50562.40119633	0.5127109592	2.883198161
4328.21741386	50548.20093387	89.74272897	2.963937862
4328.52565081	50513.73943297	98.95931883	2.990046168
4328.58363598	50534.70259713	49.04019288	2.882813486
4328.8308359	50524.488052	20.48097171	3.012061185
4328.96206549	50539.58250679	72.69508957	2.884666962
4329.08719138	50533.40556047	38.49604785	2.927648063
4329.09024323	50513.61735893	13.17178869	3.04352923
4329.27030244	50535.48997467	52.73293252	2.872832902
4329.27945799	50565.2150029	40.99246193	2.126721888
4329.30692465	50514.40168462	42.63435774	3.03924
4329.39237648	50593.33170568	17.06289865	2.77927451
4329.4656209	50506.305124058	8.059938353	3.052514681
4329.88677633	50550.04730369	84.43556017	2.95177077
4329.96612445	50599.30417798	53.132725	2.72383086
4329.99969481	50568.41029084	92.66945402	3.046120037
4330.04852443	50595.9685049	22.10760826	2.763441705
4330.06378368	50551.49998474	70.58015687	2.716674589
4330.07904294	50584.92080447	50.97506638	2.312318075
4330.38117618	50587.06930754	66.56392102	2.684292293
4330.54902799	50532.33741264	70.34821619	2.93630506
4330.65279092	50540.62623981	99.49644459	2.986503973
4330.68025758	50564.73891415	3.064058351	2.873090909
4330.72603534	50501.977599414	97.07327494	3.005966194
4330.89693899	50519.11069063	81.82012391	2.991230164
4330.94882046	50514.0232551	15.03341777	3.051349402
4331.20517594	50576.19861446	30.46967986	2.527088024
4331.2326426	50572.62184515	41.96600238	2.078847763
4331.31809442	50501.699880978	18.57051302	3.07053342
4331.77282022	50596.34388256	12.10974456	2.824604719
4331.82470168	50551.60374767	97.44254891	3.016283955
4332.02612384	50567.16818751	74.7276223	2.807737839
4332.14514603	50537.67509995	62.17535936	2.878018505
4332.16650899	50567.24143193	85.42130802	3.060069199
4332.31910154	50543.44309824	51.3840144	2.740246483
4332.44422742	50540.19287698	17.76177252	2.949820197
4332.77077548	50545.65874203	24.98245186	2.875642654
4332.8440199	50535.07797479	42.57332072	2.930003626
4332.8440199	50541.66692099	93.80474258	2.989375022
4332.93252358	50551.29551073	9.442426832	2.909859499
4333.02102725	50576.92190313	16.40675069	2.760875897
4333.08511612	50598.88302255	89.71831416	3.050863726
4333.22550127	50526.84408094	42.48481704	3.004322788
4333.25907163	50500.875881222	10.52888577	3.070740386
4333.3353679	50563.78978851	37.63847774	2.321170176
4333.37199011	50582.18024232	29.85930967	2.602957437
4333.38114566	50582.22602008	16.63258766	2.766301178
4333.59477523	50573.86700034	79.15280618	3.053811609
4333.72295297	50566.22516556	47.68211921	1.622349716
4333.75041963	50504.803613392	79.0765099	3.028257338
4333.95184179	50560.70741905	86.07440413	3.076945667
4334.05865658	50526.04144414	46.64448988	3.005697672
4334.06476028	50559.92004151	25.20523698	2.719552977
4334.19904172	50525.95294046	87.65221107	2.983365814
4334.39130833	50573.22611164	28.71181372	2.582899268
4334.48591571	50526.77388836	13.19925535	3.033088083
4334.56221198	50597.62871181	89.16287729	3.068962325
4334.61409345	50533.52763451	35.08102664	2.98179897
4334.93148595	50545.75640126	91.35105441	3.008678235
4335.1084933	50547.67906735	37.6903592	2.76279869
4335.26718955	50512.32642598	35.78295236	3.083313185
4335.31907102	50512.25623341	31.5561388	3.084339464
4335.33127842	50595.05600146	81.9513535	3.068802547
4335.69139683	50508.886989959	84.83840449	3.016705831
4335.85009308	50542.8418836	72.73476363	2.932611752
4335.94164861	50537.0372631	91.2900174	2.987378823
4335.96301157	50550.37690359	95.11703848	3.037833573
4335.97827082	50553.35856197	30.20722068	2.754467944
4336.02099673	50594.99191259	77.20267342	3.05177984
4336.0728782	50566.65547655	59.889523	1.233088309
4336.11255226	50526.92037721	27.2255623	3.0454807
4336.24073	50556.44398328	6.640827662	2.912397584
4336.25598926	50569.82940153	37.43095187	2.329948506
4336.26819666	50558.64131596	55.08896146	1.795092245
4336.52760399	50597.61040071	88.247322	3.089423131
4336.80532243	50522.33649709	37.04641865	3.062994968
4336.83889279	50526.78609577	90.8169805	2.985748991
4337.41264077	50560.45411542	33.24076052	2.59485186
4337.49504074	50585.1802118	26.47175512	2.710641229
4337.49809259	50529.9447615	38.58455153	3.025695029
4337.65373699	50597.36930448	30.95492416	2.77514029
4337.87347026	50580.75807978	82.90963469	3.224804171
4337.91009247	50573.98297067	75.81408124	3.252543613
4337.97112949	50500.1312295907	64.59852901	3.073236888
4338.07184057	50568.87112033	30.80233161	2.585654163
4338.07489242	50582.53730888	38.74935148	2.516195918
4338.12067019	50519.492172	50.92928861	3.052848804
4338.13287759	50536.92129276	5.172887356	3.011730675
4338.24579608	50572.64931181	29.12076174	2.621914357
4338.46858119	50532.78298288	77.86797693	2.980078654
4338.4807886	50591.57689138	3.332621235	2.877649497
4338.50215155	50553.74614704	59.22421949	2.493931869
4338.51130711	50529.19095431	71.50181585	2.987945903
4338.7981811	50565.48661763	31.67821284	2.596702895
4338.88668477	50580.90762047	49.87029633	2.317491085
4339.10946989	50541.97515793	87.99096652	3.007682523
4339.17661061	50526.55720695	35.23972289	3.065301316
4339.42991424	50560.35035249	7.358012635	2.909501766
4339.64354381	50511.65807062	46.62617878	3.100192782
4339.64354381	50569.4082461	62.09295938	2.106128928
4339.70458083	50551.63426618	6.582842494	2.953311062
4339.91210669	50571.88329722	86.74275948	3.298666737
4340.12573626	50523.53587451	86.12323374	2.994032889
4340.38819544	50556.41956847	14.58784753	2.903304052
4340.68422498	50563.90270699	86.81905576	3.271810087
4340.69643239	50548.64955596	39.97009186	2.81666883
4341.16336558	50552.35450301	54.77462081	2.621264244
4341.17252113	50549.76958525	25.01602222	2.913564448
4341.27323222	50574.97787408	14.12396619	2.837132174
4341.41056551	50570.6778161	75.83849605	3.571095263
4341.41666921	50558.3025605	97.93389691	3.115308521
4341.43498032	50550.389111	80.95034639	3.104759071
4341.64250618	50589.30021058	53.51420637	2.785031801
4341.66386914	50567.1620838	32.98440504	2.613383347
4341.67302469	50515.78722495	27.23166601	3.115508191
4341.68828394	50508.154545732	28.69350261	3.122042343
4342.09112827	50597.22586749	85.3480636	3.156069821
4342.12469863	50552.04626606	6.002990814	2.96560216
4342.16437269	50541.65166173	16.50440992	3.010061822
4342.17352824	50524.631489	2.188177129	3.061902823
4342.24677267	50511.84118168	50.32807398	3.108973078
4342.33222449	50560.90578936	69.45707572	3.419113132
4342.37495041	50557.29544969	16.01001007	2.906439648
4342.5122837	50553.55998413	28.89187292	2.859199637
4342.60689108	50550.39216285	70.43977172	3.0758289
4342.78695029	50508.79238258	40.110477	3.131883202
4342.82662435	50543.58958708	42.1765801	2.943452204
4343.07077242	50549.02798547	58.67793817	2.871371562
4343.23862423	50584.55763421	95.05600146	3.212777016
4343.4705649	50592.62367626	41.93548387	2.786683646
4343.488876	50510.50141911	15.32029176	3.109465848
4343.61095004	50586.31550035	96.26453444	3.197425514
4343.69640187	50502.420117801	59.24253059	3.107736349
4343.8123722	50574.65132603	53.72783593	2.423456679
4343.99548326	50584.87807855	91.37546922	3.255308424
4344.04431288	50511.74352245	6.613361003	3.094026455
4344.30066836	50546.51631214	11.80455947	2.998828486
4344.37696463	50507.553331095	72.22510453	3.068089751
4344.38612018	50553.34940641	81.42033143	3.208976091
4344.40443129	50552.90078433	57.3381756	2.838097718
4344.41358684	50503.57371746	12.94289987	3.109154583
4344.42579424	50525.05264443	35.50218207	3.116201862
4344.52040162	50516.69362468	56.86513871	3.086606281
4344.82863857	50547.32505264	11.41697439	2.998049941
4344.90188299	50543.09213538	66.6585284	2.993188388
4344.98428297	50539.90905484	52.20801416	2.967033344
4345.10940886	50565.08682516	87.08151494	3.379913228
4345.17654958	50573.30851161	33.53679006	2.682311425
4345.23453475	50522.38227485	16.7424543	3.107952733
4345.32609027	50568.13867611	31.91015351	2.717954459
4345.37186804	50506.875820185	21.59489731	3.129668093
4345.50920133	50558.14386425	9.21048616	2.94963014
4345.77776421	50527.01193274	76.19556261	3.003844781
4345.86321604	50555.70543535	48.98525956	2.718125811
4345.9089938	50558.00347911	77.43461409	3.473722568
4345.98834193	50536.73818171	42.48176519	3.042764094
4346.0646382	50525.34562212	1.358073672	3.073194956
4346.09820856	50530.99765007	48.67091891	2.991145182
4346.17755669	50576.69911802	52.08288827	2.738921632
4346.19586779	50572.89956359	37.26920377	2.655953725
4346.34540849	50534.33942686	81.09378338	2.981583307
4346.7055269	50546.26606037	24.91836299	3.010638626
4346.76351207	50532.44117557	52.78786584	2.942915087
4346.82760094	50505.963316752	59.74913785	3.121871571
4346.93746757	50508.908352916	56.38294626	3.131080728
4347.15720084	50583.95947142	2.560502945	2.915360619
4347.25791192	50542.8418836	46.57124546	3.003199871
4347.26706748	50540.02197333	49.88555559	2.991107974
4347.35557115	50560.01464888	54.57014679	2.883106122
4347.59666738	50588.2534257	27.00888089	2.83831537
4347.59971923	50523.05673391	63.9332255	3.049213416
4347.71263771	50553.88958403	0.8484145634	2.992000765
4347.73094882	50533.37199011	83.8984344	2.975561196
4347.74315622	50576.85476241	81.35013886	3.637286835
4347.76146733	50538.54792932	89.10794397	2.987166212
4347.88048952	50549.86114078	53.97198401	2.959342832
4347.90795618	50529.26419874	91.34189886	2.976132674
4348.07275613	50570.82125309	29.56938383	2.797389612
4348.08191168	50569.58830531	66.85079501	4.787391752
4348.20093387	50553.32499161	26.79830317	2.955175179
4348.28943754	50551.61900693	28.57448042	2.969354869
4348.3108005	50543.9680166	7.507553331	3.03439184
4348.42371899	50525.57756279	43.68419446	3.103407638
4348.71974853	50512.42103336	2.459791864	3.099636484
4348.99136326	50516.62648396	8.230842006	3.111244655
4349.17447432	50567.86400952	18.15240944	2.900613822
4349.22025208	50579.04293954	66.73787652	3.958953101
4349.26602985	50514.41084017	94.06109806	2.999563627
4349.28434095	50515.93066195	70.71443831	3.073948968
4349.47965941	50585.75395978	39.85412152	2.848473301
4349.48576312	50521.52165288	26.15436262	3.161268523
4349.54069643	50512.75063326	92.22083193	3.005888253
4349.70549638	50502.252265999	14.06903287	3.127544822
4349.71770379	50536.47267067	69.48149052	2.986441938
4349.83367412	50598.67854854	71.65746025	3.217833753
4349.89471114	50595.90746788	19.4982757	2.896496793
4349.94048891	50562.34321116	28.0281991	2.889293178
4350.0778222	50552.57423627	81.70415357	3.213507481
4350.09308145	50587.1150853	56.17847224	3.183150092
4350.12054811	50571.53233436	11.23996704	2.923515064
4350.38300729	50508.154545732	9.695730461	3.122273566
4350.3952147	50547.03817866	91.67149876	3.040126197
4350.42573321	50551.96386608	19.91332743	3.004462239
4350.45930357	50535.1207007	21.67424543	3.115971876
4350.52034059	50540.23560289	84.94521928	2.976581586
4350.61494797	50538.29462569	61.07974487	2.98317341
4350.68208869	50530.05767998	88.81801813	2.965448618
4350.7126072	50503.039643544	69.62797937	3.101195
4350.7248146	50513.8554033	37.62016663	3.194016947
4351.03305155	50527.17978454	60.77150792	3.00295426
4351.18869594	50538.7981811	3.387554552	3.061940867
4351.1978515	50504.544206061	30.35676138	3.170710593
4351.21311075	50590.19135105	35.64561907	2.891133427
4351.68004395	50597.43339335	13.51664785	2.917607049
4351.77159948	50505.563524277	58.03399762	3.156791879
4351.8509476	50515.39048433	69.89654225	3.091013214
4351.90588092	50527.73827326	36.3780633	3.18873635
4351.93029572	50508.365123447	8.334604938	3.123512641
4352.08594012	50548.52748192	0.5706961272	3.029457645
4352.14392529	50520.04760887	16.21448408	3.145525136
4352.19885861	50547.00460829	24.88174078	3.061295176
4352.29956969	50512.90017396	42.64961699	3.208843971
4352.39112522	50555.58336131	67.00643941	3.557591769
4352.84585101	50525.16251106	83.21481979	2.979389859
4352.85195471	50523.95092624	18.46980193	3.153235358
4353.01065096	50580.47425764	38.45027009	2.901338767
4353.04727317	50532.3587756	70.59541612	2.992319114
4353.08694723	50503.726310007	78.84456923	3.066073246
4353.16934721	50582.21381268	72.9606006	3.791931798
4353.23038423	50523.87462996	70.34516434	3.05576768
4353.26090274	50592.4466689	20.07507553	2.914212244
4353.26090274	50595.09262368	75.86901456	3.323538611
4353.26395459	50569.2403943	13.24198126	2.946912805
4353.44096194	50512.91543321	4.037598804	3.116262654
4353.77666555	50579.13754692	55.55589465	3.486905424
4353.88653218	50525.05264443	16.94998016	3.151037878
4354.01776177	50573.65642262	90.99398785	3.393507928
4354.04828028	50520.96926786	69.02066103	3.086286467
4354.05743583	50511.16367077	84.49354534	3.029066627
4354.258858	50563.4418775	21.14627522	2.962282711
4354.41755425	50523.63658559	6.060975982	3.116511775
4354.42365795	50518.23786126	64.67787713	3.133325716
4354.49385052	50591.57383953	40.59266945	2.973609904
4355.15915403	50589.2117069	8.490249336	2.938956088
4355.20493179	50581.89336833	52.87636952	3.307763767
4355.2293466	50572.1396527	72.28308969	4.377825212
4355.24460585	50556.28528703	63.37473678	3.516560697
4355.38804285	50569.19156468	2.130191961	2.977133662
4355.5467391	50560.8661153	82.53730888	3.462282273
4355.54979095	50575.14572588	36.23767815	2.937151536
4355.63829463	50565.79485458	3.790398877	2.985922602
4355.71153905	50549.07681509	85.05508591	3.027064464
4355.73290201	50593.60637226	37.366863	2.969005099
4355.79393902	50518.95504624	32.61207923	3.236245429
4355.84582049	50562.75826289	71.62694174	4.150762296
4355.8885464	50548.88760033	95.98986785	3.018827824
4355.99841304	50531.02511673	3.018280587	3.099606981
4356.04113895	50511.50547807	10.38850063	3.14184628
4356.19067965	50555.99230934	64.83352153	3.48783489
4356.27918332	50563.15195166	15.10971404	2.989126411
4356.48365734	50544.37391278	1.38554033	3.060858848
4356.49281289	50559.95361187	74.85580004	3.705166721
4356.53248695	50551.78991058	38.92941069	3.080402141
4356.56300546	50598.44965972	76.61061434	3.278785055
4356.57216102	50573.87005219	29.3160802	2.939310744
4356.58131657	50596.6093936	23.70067446	2.942057118
4356.63930174	50573.1040376	13.33964049	2.959369524
4356.91702017	50531.17770928	72.99722282	2.963910076
4356.97195349	50538.84090701	22.75460067	3.150568129
4357.05435347	50511.49021882	89.14456618	3.010664588
4357.13980529	50598.30317087	60.47547838	3.208114349
4357.20999786	50547.99035615	67.76940214	2.962577384
4357.36259041	50522.62031922	20.50843837	3.187672339
4357.55485702	50524.45142979	55.99536119	3.170227426
4357.58537553	50537.62932218	25.38834803	3.174656509
4357.6555681	50547.49290445	82.30842006	2.945910891
4357.70439772	50571.69408246	33.07901242	2.965890266
4357.70744957	50518.0486465	24.02111881	3.206578917
4357.8173162	50550.72786645	61.59855953	3.073525702
4357.82647176	50547.27317118	65.61479537	2.940066477
4357.92413099	50572.99722282	66.43574328	4.36565589
4357.94549394	50565.85283975	93.69487594	3.254221526
4358.04010132	50512.58278146	72.51503037	3.099477106
4358.06451613	50516.66920988	83.83739738	3.007242707
4358.1225013	50595.94409009	25.10147404	2.953533505
4358.35749382	50579.11618397	76.83034761	3.775600797
4358.43379009	50556.30664998	14.56343272	3.036605557
4358.44904935	50515.26841029	16.18091372	3.171778421
4358.50703452	50534.72701193	7.199316385	3.111762243
4358.76033815	50514.60615864	98.47407453	2.983118836
4358.91598254	50534.9284341	95.34897916	2.924302381
4359.02279733	50543.14401685	50.02288888	3.167556951
4359.05026399	50524.16150395	95.20859401	2.950342485
4359.06552324	50564.78469192	97.14041566	3.183537784
4359.12045656	50543.65672781	32.3770867	3.179731996
4359.19064913	50589.24222541	76.3328959	3.469428912
4359.50498978	50529.02920621	92.22693564	2.92368194
4359.51414533	50552.25074007	30.50019837	3.096087815
4359.68199713	50572.89040803	36.83278909	3.015598326
4359.84069338	50593.44767602	76.08264412	3.373066638
4359.91088595	50503.421124912	44.71266823	3.227417546
4360.28931547	50585.59526353	7.641834773	2.966044645
4360.33509323	50535.95690786	13.33048494	3.137982857
4360.37171545	50576.27491073	56.86513871	3.664999928
4360.74098941	50581.41727958	16.62648396	2.968543445
4360.75319681	50571.44077883	17.5450911	2.988008224
4360.8539079	50530.69551683	50.66072573	3.583054857
4360.97293008	50512.5736259	64.66261788	3.188901303
4361.24149297	50521.1035493	87.77733695	2.958819746
4361.363567	50525.2845851	60.71352275	3.301957901
4361.52836695	50582.86385693	25.2845851	2.978166825
4361.56498917	50510.23285623	41.10232856	3.279415756
4361.57109287	50576.24744407	35.19394513	3.023799924
4361.57414472	50537.21427046	70.11017182	2.785881136
4361.62907804	50589.14456618	54.86312449	3.292121094
4361.6748558	50565.02273629	20.41688284	3.017534187
4361.71452986	50574.24542985	53.75225074	3.501756463
4361.73894467	50540.39735099	28.46461379	3.206211903
4361.82744835	50501.596118046	73.51908933	3.103344992
4362.0105594	50564.55275124	58.04315317	3.596712438
4362.26081118	50529.83794671	9.347819452	3.143209019
4362.29743339	50534.01898251	96.00207526	2.905681117
4362.42255928	50547.85912656	96.69789727	2.952947854
4362.43476669	50564.41541795	9.268471328	3.020357174
4362.53852962	50530.34455397	68.51710562	3.010648417
4362.68501846	50587.9360332	38.45332194	3.05134616
4362.78572954	50573.52519303	72.05114902	3.879670233
4362.85897397	50533.63139744	69.43876461	2.880573835
4362.88338878	50573.61674856	64.250618	3.90941662
4362.88949248	50583.43150121	90.49653615	3.324278366
4362.90780358	50507.867671743	65.81316568	3.169787205
4362.91390728	50560.69215979	26.42902921	3.053693525
4363.09701834	50593.50871303	49.70244453	3.161771472
4363.18857387	50550.41047395	0.3662221137	3.061811867
4363.33201086	50531.23569445	50.99032563	4.035839595
4363.53648488	50569.69206824	91.92175054	3.264078416
4363.55784783	50586.51692251	25.38529618	2.990878354
4363.84166997	50535.54185614	93.43241676	2.874485168
4364.06445509	50514.46272164	73.06436354	3.094902855
4364.14380322	50597.00918607	43.74523148	3.083924027
4364.17737358	50558.27204199	99.05697806	3.052795133
4364.20178838	50573.53740043	95.17502365	3.237794124
4364.71144749	50584.70412305	48.1429487	3.211017329
4364.81215857	50583.21481979	31.36082034	3.02285759
4365.08377331	50508.508560442	45.17654958	3.29044077
4365.26383251	50534.55916013	22.5470748	3.213141964
4365.41337321	50589.99908444	50.43183691	3.206954854
4365.43168432	50505.001983703	83.00729392	3.047149107
4365.53544725	50505.746635334	11.97546312	3.162243714
4365.58732871	50554.46028016	52.73293252	3.070610524
4365.59953612	50591.27475814	56.84987945	3.284520131
4365.81316568	50517.874691	87.14865566	2.966522451
4365.8742027	50506.903286843	90.22492141	3.013207677
4365.8742027	50554.97604297	55.4033021	3.037158767
4365.87725455	50572.58217109	70.84871975	3.702736278
4365.88946196	50599.87182226	59.77660451	3.205981393
4365.96881008	50505.844294565	16.27857295	3.177619445
4366.0359508	50526.05365154	53.56303598	3.838498805
4366.04205451	50534.19904172	14.0110477	3.164999719
4366.05731376	50586.83126316	66.34418775	3.463640906
4366.09698782	50575.78661458	44.74318674	3.178134086
4366.10003967	50557.1703238	45.13687551	3.119220919
4366.18854335	50567.21396527	19.91943113	3.035418351
4366.26789148	50547.55699332	10.87679678	3.104416804
4366.35029145	50520.59083834	87.1089816	2.942869949
4366.36249886	50560.37781915	60.05432295	3.206640335
4366.41132847	50531.19602039	80.95034639	2.789722812
4366.44795068	50599.17294839	24.18286691	2.997952664
4366.54255806	50520.72206793	82.94930876	2.952514738
4366.55781732	50582.99508652	99.23093356	3.196907803
4366.63716544	50551.64952544	57.06350902	2.908330375
4366.68599506	50538.69747002	42.24066897	3.373283774
4366.71040986	50589.88616596	99.94811853	3.182900198
4366.77755058	50527.33542894	77.85271767	2.873032354
4366.87520981	50503.866695151	76.3328959	3.085921103
4367.01559496	50563.38084048	60.23438215	3.322783915
4367.22617267	50512.52784814	13.94085513	3.180376742
4367.23838008	50537.28446303	52.75734733	3.445234037
4367.43675039	50526.13299966	33.99456771	3.346622967
4367.47032075	50521.69255654	47.32200079	3.537931386
4367.54661702	50502.374340037	59.56297494	3.198225088
4367.61070589	50559.22421949	71.04098636	3.022029405
4367.6168096	50521.80852687	50.81942198	3.582882059
4367.67479476	50541.65471358	2.572710349	3.103285683
4367.73277993	50567.12851344	17.78008362	3.040622006
4367.76024659	50549.09512619	22.18695639	3.140032836
4367.8029725	50573.81206702	35.56321909	3.075129271
4367.91283914	50502.926725059	93.57585376	3.01467879
4368.02270577	50528.15027314	20.15442366	3.218985223
4368.14783166	50582.48847926	7.76085696	3.001160702
4368.29737236	50523.0262154	48.24671163	3.584387029
4368.41029084	50534.60493789	18.63155004	3.195048248
4368.4499649	50583.73363445	32.38013855	3.048560261
4368.86196478	50521.71697134	59.07773064	3.413149489
4368.95962401	50597.31742302	13.0466628	2.993164404
4369.13357952	50545.71367534	39.2773217	3.248522005
4369.78362377	50523.85937071	32.43507187	3.327506371
4369.87823115	50512.0639668	43.29966124	3.332524239
4369.92095706	50589.98382519	20.67629017	3.010954766
4370.20783105	50597.72637104	4.458754234	2.992286928
4370.24750511	50553.29752495	16.24500259	3.104946177
4370.98605304	50532.63649403	68.48353526	2.714668085
4371.07760857	50534.40046388	3.714102603	3.129536366
4371.23630482	50552.26599933	86.55049287	2.779903349
4371.26377148	50525.83697012	59.57518235	3.393014504
4371.34006775	50572.50282296	50.76754051	3.228907009
4371.37363811	50590.37446211	88.20459609	3.241137638
4371.50791955	50500.2777184362	36.96707053	3.224077022
4371.64220099	50522.68745994	63.71654408	3.229254371
4371.67577136	50595.45884579	35.38010804	3.059474444
4371.67882321	50568.27906125	40.73610645	3.112550099
4371.78563799	50585.99200415	30.71993164	3.050792287
4371.92602313	50502.282784509	78.92391736	3.068247294
4372.02063051	50598.34894864	19.30295724	3.009495593
4372.17017121	50524.35987426	53.67595447	3.528680733
4372.21289712	50533.92437513	39.30478835	3.383760225
4372.25562304	50544.57533494	81.78044984	2.500212297
4372.36854152	50561.31473739	67.91589099	2.942983878
4372.37464522	50595.36118656	54.99740593	3.194299593
4372.41126743	50569.48759423	6.192205573	3.038647903
4372.68593402	50583.98998993	88.12829981	3.245009479
4372.84463027	50560.26184881	26.77999207	3.098950023
4373.23831904	50513.5319071	68.14783166	3.141701936
4373.4153264	50565.50492874	94.6806238	3.057582068
4373.4214301	50525.03128147	79.83336894	2.859496074
4373.42448195	50511.01413007	65.12039552	3.180548179
4373.71745964	50539.74730674	90.53010651	2.746156613
4373.79375591	50509.46989349	90.499588	2.991856187
4373.86394848	50554.06353954	17.68547624	3.112252864
4373.86700034	50509.881893368	6.701864681	3.155938939
4373.9066744	50545.78081606	55.77257607	2.833124308
4373.9066744	50572.35938597	37.45841853	3.097096982
4373.95550401	50535.88061159	96.74062319	2.843119118
4374.01043733	50501.556443983	59.67284158	3.188310445
4374.03180029	50514.24604022	86.53523362	2.973711572
4374.03790399	50586.66035951	8.621478927	3.014176477
4374.25763726	50537.07998901	77.66045106	2.443543419
4374.31562243	50504.840235603	63.74095889	3.173178267
4374.33698538	50585.3541673	92.97769097	3.190918987
4374.33698538	50599.46287423	45.97613453	3.110028708
4374.34614093	50565.81316568	55.31785028	3.119178063
4374.34919279	50591.2900174	33.07901242	3.060969016
4374.42243721	50530.53376873	82.89132359	2.740854408
4374.84969634	50537.91924802	66.89962462	2.219636122
4374.88021485	50586.69392987	33.95184179	3.071509092
4374.93820002	50509.143345439	34.84603412	3.266289571
4375.06942961	50522.93465987	84.02661214	2.884070908
4375.13351848	50598.2268746	90.83223975	3.172462013
4375.16708884	50579.81505783	73.33292642	3.306728737
4375.23117771	50584.61561937	80.92287973	3.264010599
4375.29221473	50582.89132359	48.37183752	3.175241821
4375.38682211	50502.581865902	36.63441877	3.233035469
4375.58214057	50513.94390698	73.46415601	3.061241071
4375.72252571	50503.784295175	90.95126194	3.01160756
4375.74694052	50576.38172552	0.3173924986	3.028413647
4375.99414045	50540.03418073	23.06588946	3.203839791
4376.02771081	50572.64625996	4.553361614	3.038776435
4376.05517747	50549.19888913	79.21079134	2.430051564
4376.12231819	50514.27045503	13.54411451	3.184922006
4376.14062929	50563.4418775	83.7488937	2.96996965
4376.15588855	50590.87801752	19.83397931	3.027957351
4376.15588855	50595.91051973	60.0573748	3.199550901
4376.21692557	50517.74040956	76.36341441	2.993251602
4376.41224403	50532.32520524	96.02343822	2.845742546
4376.41529588	50519.25412763	72.90261544	3.013194829
4376.47022919	50539.49705496	42.75032807	3.316397208
4376.59230323	50595.11093478	4.397717215	3.009226034
4376.60451064	50597.01223792	59.88341929	3.189399165
4376.65334025	50595.70604572	2.114932707	3.007733159
4376.8242439	50549.68718528	11.48106326	3.117127981
4376.83950316	50588.62880337	45.40238655	3.134547209
4376.91885128	50586.75191504	97.37235633	3.14739631
4377.01345866	50569.82329783	15.4484695	3.058036059
4377.19046602	50533.27433088	53.90179144	3.294215747
4377.20572527	50597.43339335	63.63719596	3.196627584
4377.34000671	50596.67653432	65.65446944	3.205409999
4377.49259926	50525.70268868	18.57661672	3.212108484
4377.53227332	50575.44785913	16.91335795	3.048323138
4377.56889554	50590.9787286	95.09872738	3.15513351
4377.84661397	50555.60472427	17.85027619	3.110114709
4377.91070284	50533.99456771	1.376384777	3.127640875
4378.23725089	50549.69634083	22.11371197	3.147788838
4378.55159154	50512.33558153	27.37205115	3.239834985
4378.5729545	50571.95959349	80.0408948	3.118546786
4378.64925077	50503.875850703	94.37849055	3.001554336
4378.77437666	50526.25812555	81.43864254	2.816928229
4378.81099887	50528.19299905	18.32636494	3.206645437
4378.85982849	50583.68480483	90.46601764	3.161952473
4379.02462844	50594.21674245	42.07281716	3.100033492
4379.0704062	50590.37751396	58.74813074	3.197003798
4379.24130985	50589.48332163	80.96865749	3.204574665
4379.25962096	50593.29813532	45.04837184	3.11604801
4379.36338389	50515.23483993	69.22208319	3.086967472
4379.41221351	50515.04257332	58.88546403	3.230599792
4379.58616901	50549.19278542	23.78307443	3.153800523
4379.67162084	50577.96868801	52.95876949	3.159839668
4379.67467269	50537.40958892	12.31421857	3.15919185
4379.68382824	50592.58705405	81.72246467	3.19184384
4379.7235023	50540.4095584	24.80849635	3.203768118
4379.74486526	50579.238258	14.6458327	3.043228003
4379.90356151	50545.50309763	20.55726798	3.16195286
4379.95239113	50596.2981048	73.76018555	3.192555686
4380.05920591	50550.81637013	93.77422407	2.821061747
4380.07446516	50560.64943388	8.380382702	3.078619546
4380.40711692	50571.80700095	6.875820185	3.050451172
4380.51087985	50593.27066866	5.682546464	3.019207617
4380.55360576	50506.692709128	54.92110965	3.217527831
4380.81911679	50503.280739769	44.75539415	3.227376509
4380.86184271	50533.29874569	8.545182653	3.152894006
4381.04190191	50542.79610584	27.12485122	3.196854018
4381.21585742	50519.04660176	9.088412122	3.166725667
4381.61870174	50582.80281991	98.95626698	3.103982183
4381.64922025	50530.36896878	41.8836024	3.318028014
4381.81707205	50589.14456618	16.29993591	3.035759146
4382.14362011	50530.24994659	91.21982482	2.818860212
4382.47627186	50510.97140416	95.30930509	2.969374584
4382.64412366	50585.37553026	96.49952696	3.113006936
4382.65022736	50558.18353832	87.57286294	2.833129349
4382.97677541	50517.82891324	18.20734275	3.199435496
4383.0774865	50570.36957915	18.53694266	3.068525982
4383.1019013	50503.726310007	18.8512833	3.180049986
4383.14767907	50501.559495834	64.70534379	3.132732089
4383.15378277	50550.52949614	55.68102054	2.805222409
4383.34910123	50512.50953703	54.88143559	3.223155898
4383.39487899	50565.24246956	91.89123203	2.965788946
4383.40403455	50524.21033357	13.81572924	3.181256229
4383.46507157	50517.25516526	35.90807825	3.269821551
4383.65123447	50533.42692343	5.172887356	3.139707696
4383.82213813	50589.46501053	96.21265297	3.114639203
4384.20667135	50550.95370342	75.64928129	2.503479803
4384.3714713	50548.28943754	73.47331156	2.423081661
4384.58204901	50575.38071841	67.97387616	3.094660475
4384.66750084	50508.801538133	52.07678457	3.215615198
4384.84756005	50587.20358898	66.48762474	3.160727008
4384.90554521	50598.62361522	56.08386486	3.127561913
4384.99099704	50561.43375958	71.91076388	2.790047711
4385.11917478	50551.5457625	66.12750633	2.529288823
4385.28397473	50516.51356548	0.0183111057	3.136012514
4385.29007843	50540.89785455	12.68654439	3.145979599
4385.37553026	50598.41303751	41.48380993	3.083351467
4385.41215247	50590.8230842	95.55650502	3.109860311
4385.41520432	50508.539078951	59.7582934	3.16308432
4385.53727836	50557.71050142	68.23023164	2.690957928
4385.57084872	50574.92599261	65.31876583	3.079939192
4385.61662648	50534.6171453	91.76610614	2.79824219
4386.07135228	50569.79888302	21.94280831	3.074024297
4386.09576708	50569.50285348	26.92953276	3.07737274
4386.12628559	50505.560472427	84.09070101	3.015491929
4386.21478927	50563.33201086	94.52192755	2.942987285
4386.22699667	50550.12054811	28.91018403	3.141301495
4386.27582629	50548.3230079	88.4212775	2.737348556
4386.3185522	50549.99847407	89.2056032	2.760355636
4386.33381146	50553.44706565	22.89498581	3.122595725
4386.34601886	50533.5093234	10.22064882	3.152945162
4386.40095218	50572.98501541	11.58177435	3.059480558
4386.43757439	50502.569658498	3.308206427	3.137582192
4386.4741966	50511.77709281	15.90319529	3.178633109
4386.55354472	50566.68599506	58.51924192	2.977880322
4386.88924833	50510.36103397	6.933805353	3.151480858
4387.09067049	50534.50422681	26.34052553	3.204074983
4387.13950011	50544.45020905	26.05670339	3.163626317
4387.39585559	50558.01263466	78.69197668	2.749811772
4387.41721854	50561.61381878	59.97192297	2.882174327
4387.47520371	50513.64177374	21.84514908	3.196745328
4387.51792962	50508.453627125	67.23838008	3.096051284
4387.85058138	50505.069124424	38.87752922	3.206936594
4388.05810724	50514.68855861	64.66261788	3.094487586
4388.26563311	50545.51835688	35.18173772	3.153414088
4388.48536637	50521.11270486	60.89358196	3.096521459
4388.50062563	50549.72685934	12.42408521	3.117164955
4388.53419599	50535.98742637	52.5040437	3.073454493
4388.5586108	50546.09515671	2.288888211	3.106472338
4388.60744041	50503.707998901	61.15604114	3.134919917
4388.61659597	50547.47764519	66.77449873	2.583182757
4388.64711447	50502.389599292	8.987701041	3.147667259
4388.79055147	50593.8657796	55.03402814	3.11405602
4388.84243294	50560.35950804	58.58638264	2.884024847
4388.90652181	50512.29590747	17.42912076	3.178506161
4388.96145512	50558.9495529	5.307168798	3.083430803
4388.99807733	50556.77358318	40.03112888	3.071146141
4389.0438551	50572.71950438	61.71758171	3.030429923
4389.3795587	50590.1760918	90.78035829	3.09932064
4389.41007721	50547.06564531	21.66508988	3.139500955
4389.66338084	50513.66618854	45.84795679	3.214738051
4389.81292154	50554.81429487	36.32923368	3.093654018
4389.84344005	50528.85830256	63.51817377	2.950031613
4389.8709067	50527.42088076	33.37199011	3.22198919
4390.48432875	50516.2694174	38.90499588	3.221486214
4390.5056917	50558.25983459	96.24622333	2.90278886
4390.64302499	50507.293923765	17.79534288	3.169738794
4390.67049165	50583.39487899	28.44019898	3.062970875
4390.71016572	50511.04159673	60.91494491	3.123575917
4390.78341014	50530.09430219	85.40299692	2.819003966
4390.80172124	50574.58113346	38.88058107	3.068785337
4391.36326182	50560.20081179	58.96481216	2.889064274
4391.38462477	50582.50373852	63.85998108	3.087727309
4391.56163213	50526.76168096	2.005066073	3.131697975
4391.60740989	50547.33115635	43.60179449	3.075756762
4391.6196173	50543.50108341	62.75826289	2.747485361
4391.6318247	50502.294991913	57.6433607	3.138938711
4391.7752617	50536.98232978	82.03070162	2.740486945
4391.90954314	50570.89449751	80.27283547	2.974746826
4392.0987579	50553.96893216	58.71761223	2.83981817
4392.20862453	50554.52742088	1.504562517	3.0875659
4392.43140965	50555.58030946	14.8197882	3.100829719
4392.62672811	50592.68776513	41.3922544	3.075919698
4392.71217994	50509.631641591	10.59297464	3.151952357
4392.80068361	50566.51203955	7.718131046	3.070957963
4392.99905393	50554.67390973	1.098666341	3.08663254
4393.02652058	50506.076235237	54.10016175	3.1514842
4393.14554277	50557.3198645	66.76839503	2.795650558
4393.43241676	50564.03393658	71.99316385	2.878969198
4393.59111301	50510.58381909	51.60985137	3.162388681
4393.7284463	50521.34464553	45.85711234	3.183235979
4393.74370556	50555.55589465	86.98995941	2.828526932
4394.01532029	50532.72194586	32.78298288	3.180164911
4394.10382397	50561.18045595	49.35148167	2.995683048
4394.11908322	50541.44718772	86.67867061	2.779736434
4394.24726096	50595.83727531	81.36539811	3.095582248
4394.28998688	50513.16568499	37.91009247	3.192685682
4394.29609058	50573.65642262	41.42887661	3.05842654
4394.41816462	50594.74471267	90.63081759	3.08347066
4394.54023865	50581.82317576	51.58238472	3.069366903
4394.72640156	50552.18359935	50.72176275	2.970308652
4394.8545793	50522.38837855	76.88833277	2.925017236
4394.86373486	50508.02026429	6.302072207	3.138931696
4395.00106815	50597.8972747	48.53663747	3.080356473
4395.16891995	50573.43058565	76.60756249	2.99149658
4395.40696432	50534.6110416	72.39600818	2.804626993
4395.42832728	50531.95898312	48.28028199	3.11333196
4395.42832728	50545.60991241	10.93478195	3.1165511
4395.57176428	50597.9094821	95.63280129	3.076140284
4395.88305307	50565.00137333	20.09643849	3.078952125
4395.95629749	50564.87624744	40.46449171	3.049224881
4396.04174932	50509.341715751	87.19138157	2.986917884
4396.18518632	50559.32798242	61.93121128	2.882365062
4396.47511216	50557.42973113	0.2868739891	3.080156586
4396.55751213	50569.11832026	95.14450514	2.972764761
4396.61854915	50501.968443861	45.0819422	3.156061781
4396.72841578	50503.372295297	51.44505142	3.142189922
4396.73146764	50528.44019898	65.82232124	2.942166276
4396.74672689	50536.89382611	78.37458419	2.791305783
4396.87795648	50561.27201147	87.33787042	2.893054531
4396.97561571	50548.40235603	86.65120396	2.810192272
4397.18314158	50570.34821619	43.06466872	3.045221704
4397.21671194	50529.41679128	32.93252358	3.168744377
4397.33268227	50594.81795709	44.09314249	3.070543412
4397.44560076	50501.336710715	8.655049287	3.134946464
4397.51579333	50512.59804071	33.23770867	3.175528184
4397.70195624	50580.14465773	0.4333628346	3.047939203
4397.71111179	50560.75014496	79.35728019	2.866502079
4397.747734	50581.92083499	47.75841548	3.060639226
4397.85454878	50517.26126896	88.20764794	2.947687694
4397.94610431	50582.23212378	44.72792749	3.061414815
4397.95831172	50577.92291025	40.30579546	3.058065368
4398.11090426	50536.13696707	74.95040742	2.815328449
4398.26654866	50545.21622364	77.72759178	2.777838764
4398.30011902	50582.86385693	87.37754448	3.040513581
4398.34284494	50514.14838099	86.37958922	2.966983084
4398.62056337	50584.56373791	54.33210242	3.062312203
4398.76705222	50532.03833125	49.23551134	3.085342382
4398.8860744	50530.90609455	71.32786035	2.885173952
4398.90438551	50587.31040376	86.02557451	3.055459226
4398.93795587	50539.46653645	54.70442824	2.980962386
4398.94405957	50556.8529313	91.59215064	2.888011778
4399.11191137	50508.539078951	68.66664632	3.054382964
4399.15158544	50567.70531327	64.45204016	2.954579881
4399.22177801	50535.73412275	89.95330668	2.857007731
4399.44151128	50515.85741752	76.9737846	2.982998669
4399.47202979	50589.5229957	88.29004791	3.058075762
4399.67955565	50579.56480605	22.44331187	3.05890578
4399.95422224	50574.07147435	10.53193762	3.060991613
4399.96948149	50569.0725425	41.01687674	3.045440787
